A,x_match,q,compactness_2M_over_R,branch
0.2,3.0,2,0.03047927399037285,subcompact
0.4,3.0,2,0.0609585479807457,subcompact
0.6000000000000001,3.0,2,0.09143782197111858,subcompact
0.8,3.0,2,0.1219170959614914,subcompact
1.0,3.0,2,0.15239636995186426,subcompact
1.2,3.0,2,0.1828756439422371,subcompact
1.4000000000000001,3.0,2,0.21335491793261,subcompact
1.6,3.0,2,0.2438341919229828,subcompact
1.8,3.0,2,0.27431346591335565,subcompact
2.0,3.0,2,0.3047927399037285,subcompact
2.2,3.0,2,0.3352720138941014,subcompact
2.4000000000000004,3.0,2,0.3657512878844743,subcompact
2.6000000000000005,3.0,2,0.3962305618748472,subcompact
2.8000000000000003,3.0,2,0.42670983586522,subcompact
3.0000000000000004,3.0,2,0.4571891098555928,subcompact
3.2,3.0,2,0.4876683838459656,subcompact
3.4000000000000004,3.0,2,0.5181476578363385,subcompact
3.6000000000000005,3.0,2,0.5486269318267114,subcompact
3.8000000000000003,3.0,2,0.5791062058170842,subcompact
4.0,3.0,2,0.609585479807457,subcompact
4.2,3.0,2,0.6400647537978299,subcompact
4.4,3.0,2,0.6705440277882028,subcompact
4.6000000000000005,3.0,2,0.7010233017785756,subcompact
4.800000000000001,3.0,2,0.7315025757689486,subcompact
5.000000000000001,3.0,2,0.7619818497593214,subcompact
5.2,3.0,2,0.7924611237496942,subcompact
5.4,3.0,2,0.822940397740067,compact_below_horizon
5.6000000000000005,3.0,2,0.85341967173044,compact_below_horizon
5.800000000000001,3.0,2,0.8838989457208128,compact_below_horizon
6.000000000000001,3.0,2,0.9143782197111856,compact_below_horizon
6.2,3.0,2,0.9448574937015585,compact_below_horizon
6.4,3.0,2,0.9753367676919312,compact_below_horizon
6.6000000000000005,3.0,2,1.005816041682304,horizon_interior_static_caution
6.800000000000001,3.0,2,1.036295315672677,horizon_interior_static_caution
7.000000000000001,3.0,2,1.06677458966305,horizon_interior_static_caution
7.2,3.0,2,1.0972538636534226,horizon_interior_static_caution
7.4,3.0,2,1.1277331376437956,horizon_interior_static_caution
7.6000000000000005,3.0,2,1.1582124116341683,horizon_interior_static_caution
7.800000000000001,3.0,2,1.1886916856245413,horizon_interior_static_caution
8.0,3.0,2,1.219170959614914,horizon_interior_static_caution
8.2,3.0,2,1.2496502336052868,horizon_interior_static_caution
8.4,3.0,2,1.2801295075956598,horizon_interior_static_caution
8.6,3.0,2,1.3106087815860326,horizon_interior_static_caution
8.799999999999999,3.0,2,1.3410880555764053,horizon_interior_static_caution
9.0,3.0,2,1.3715673295667783,horizon_interior_static_caution
9.2,3.0,2,1.4020466035571508,horizon_interior_static_caution
9.4,3.0,2,1.4325258775475243,horizon_interior_static_caution
9.6,3.0,2,1.4630051515378968,horizon_interior_static_caution
9.8,3.0,2,1.4934844255282698,horizon_interior_static_caution
10.0,3.0,2,1.5239636995186425,horizon_interior_static_caution
10.2,3.0,2,1.5544429735090155,horizon_interior_static_caution
10.4,3.0,2,1.5849222474993885,horizon_interior_static_caution
10.6,3.0,2,1.615401521489761,horizon_interior_static_caution
10.8,3.0,2,1.645880795480134,horizon_interior_static_caution
11.0,3.0,2,1.6763600694705068,horizon_interior_static_caution
11.2,3.0,2,1.7068393434608797,horizon_interior_static_caution
11.4,3.0,2,1.7373186174512527,horizon_interior_static_caution
11.6,3.0,2,1.7677978914416252,horizon_interior_static_caution
11.8,3.0,2,1.7982771654319982,horizon_interior_static_caution
12.0,3.0,2,1.8287564394223712,horizon_interior_static_caution
12.2,3.0,2,1.859235713412744,horizon_interior_static_caution
12.4,3.0,2,1.889714987403117,horizon_interior_static_caution
12.6,3.0,2,1.9201942613934895,horizon_interior_static_caution
12.8,3.0,2,1.9506735353838625,horizon_interior_static_caution
13.0,3.0,2,1.9811528093742354,horizon_interior_static_caution
13.2,3.0,2,2.011632083364608,horizon_interior_static_caution
13.4,3.0,2,2.042111357354981,horizon_interior_static_caution
13.6,3.0,2,2.0725906313453537,horizon_interior_static_caution
13.8,3.0,2,2.103069905335727,horizon_interior_static_caution
14.0,3.0,2,2.1335491793260997,horizon_interior_static_caution
14.2,3.0,2,2.1640284533164724,horizon_interior_static_caution
14.4,3.0,2,2.194507727306845,horizon_interior_static_caution
14.6,3.0,2,2.224987001297218,horizon_interior_static_caution
14.8,3.0,2,2.255466275287591,horizon_interior_static_caution
15.0,3.0,2,2.285945549277964,horizon_interior_static_caution
15.2,3.0,2,2.3164248232683367,horizon_interior_static_caution
15.4,3.0,2,2.3469040972587094,horizon_interior_static_caution
15.6,3.0,2,2.3773833712490826,horizon_interior_static_caution
15.8,3.0,2,2.4078626452394554,horizon_interior_static_caution
16.0,3.0,2,2.438341919229828,horizon_interior_static_caution
16.2,3.0,2,2.468821193220201,horizon_interior_static_caution
16.4,3.0,2,2.4993004672105736,horizon_interior_static_caution
16.6,3.0,2,2.529779741200947,horizon_interior_static_caution
16.8,3.0,2,2.5602590151913196,horizon_interior_static_caution
17.0,3.0,2,2.5907382891816924,horizon_interior_static_caution
17.2,3.0,2,2.621217563172065,horizon_interior_static_caution
17.4,3.0,2,2.651696837162438,horizon_interior_static_caution
17.6,3.0,2,2.682176111152811,horizon_interior_static_caution
17.8,3.0,2,2.712655385143184,horizon_interior_static_caution
18.0,3.0,2,2.7431346591335566,horizon_interior_static_caution
18.2,3.0,2,2.7736139331239293,horizon_interior_static_caution
18.4,3.0,2,2.8040932071143017,horizon_interior_static_caution
18.6,3.0,2,2.8345724811046753,horizon_interior_static_caution
18.8,3.0,2,2.8650517550950485,horizon_interior_static_caution
19.0,3.0,2,2.8955310290854213,horizon_interior_static_caution
19.2,3.0,2,2.9260103030757936,horizon_interior_static_caution
19.400000000000002,3.0,2,2.9564895770661668,horizon_interior_static_caution
19.6,3.0,2,2.9869688510565395,horizon_interior_static_caution
19.8,3.0,2,3.0174481250469123,horizon_interior_static_caution
20.0,3.0,2,3.047927399037285,horizon_interior_static_caution
20.2,3.0,2,3.078406673027658,horizon_interior_static_caution
20.400000000000002,3.0,2,3.108885947018031,horizon_interior_static_caution
20.6,3.0,2,3.139365221008404,horizon_interior_static_caution
20.8,3.0,2,3.169844494998777,horizon_interior_static_caution
21.0,3.0,2,3.2003237689891493,horizon_interior_static_caution
21.2,3.0,2,3.230803042979522,horizon_interior_static_caution
21.400000000000002,3.0,2,3.2612823169698952,horizon_interior_static_caution
21.6,3.0,2,3.291761590960268,horizon_interior_static_caution
21.8,3.0,2,3.3222408649506407,horizon_interior_static_caution
22.0,3.0,2,3.3527201389410135,horizon_interior_static_caution
22.2,3.0,2,3.3831994129313867,horizon_interior_static_caution
22.400000000000002,3.0,2,3.41367868692176,horizon_interior_static_caution
22.6,3.0,2,3.4441579609121327,horizon_interior_static_caution
22.8,3.0,2,3.4746372349025054,horizon_interior_static_caution
23.0,3.0,2,3.5051165088928777,horizon_interior_static_caution
23.2,3.0,2,3.5355957828832505,horizon_interior_static_caution
23.400000000000002,3.0,2,3.5660750568736237,horizon_interior_static_caution
23.6,3.0,2,3.5965543308639965,horizon_interior_static_caution
23.8,3.0,2,3.627033604854369,horizon_interior_static_caution
24.0,3.0,2,3.6575128788447424,horizon_interior_static_caution
0.2,4.0,2,0.028951756222351337,subcompact
0.4,4.0,2,0.057903512444702675,subcompact
0.6000000000000001,4.0,2,0.08685526866705402,subcompact
0.8,4.0,2,0.11580702488940535,subcompact
1.0,4.0,2,0.1447587811117567,subcompact
1.2,4.0,2,0.17371053733410802,subcompact
1.4000000000000001,4.0,2,0.20266229355645937,subcompact
1.6,4.0,2,0.2316140497788107,subcompact
1.8,4.0,2,0.260565806001162,subcompact
2.0,4.0,2,0.2895175622235134,subcompact
2.2,4.0,2,0.31846931844586474,subcompact
2.4000000000000004,4.0,2,0.3474210746682161,subcompact
2.6000000000000005,4.0,2,0.37637283089056744,subcompact
2.8000000000000003,4.0,2,0.40532458711291874,subcompact
3.0000000000000004,4.0,2,0.43427634333527015,subcompact
3.2,4.0,2,0.4632280995576214,subcompact
3.4000000000000004,4.0,2,0.4921798557799728,subcompact
3.6000000000000005,4.0,2,0.5211316120023242,subcompact
3.8000000000000003,4.0,2,0.5500833682246754,subcompact
4.0,4.0,2,0.5790351244470268,subcompact
4.2,4.0,2,0.6079868806693781,subcompact
4.4,4.0,2,0.6369386368917295,subcompact
4.6000000000000005,4.0,2,0.6658903931140808,subcompact
4.800000000000001,4.0,2,0.6948421493364322,subcompact
5.000000000000001,4.0,2,0.7237939055587835,subcompact
5.2,4.0,2,0.7527456617811348,subcompact
5.4,4.0,2,0.7816974180034861,subcompact
5.6000000000000005,4.0,2,0.8106491742258375,compact_below_horizon
5.800000000000001,4.0,2,0.8396009304481888,compact_below_horizon
6.000000000000001,4.0,2,0.8685526866705403,compact_below_horizon
6.2,4.0,2,0.8975044428928914,compact_below_horizon
6.4,4.0,2,0.9264561991152428,compact_below_horizon
6.6000000000000005,4.0,2,0.9554079553375942,compact_below_horizon
6.800000000000001,4.0,2,0.9843597115599456,horizon_near_ECO_branch
7.000000000000001,4.0,2,1.0133114677822967,horizon_interior_static_caution
7.2,4.0,2,1.042263224004648,horizon_interior_static_caution
7.4,4.0,2,1.0712149802269995,horizon_interior_static_caution
7.6000000000000005,4.0,2,1.1001667364493508,horizon_interior_static_caution
7.800000000000001,4.0,2,1.1291184926717022,horizon_interior_static_caution
8.0,4.0,2,1.1580702488940535,horizon_interior_static_caution
8.2,4.0,2,1.1870220051164047,horizon_interior_static_caution
8.4,4.0,2,1.2159737613387562,horizon_interior_static_caution
8.6,4.0,2,1.2449255175611076,horizon_interior_static_caution
8.799999999999999,4.0,2,1.2738772737834585,horizon_interior_static_caution
9.0,4.0,2,1.30282903000581,horizon_interior_static_caution
9.2,4.0,2,1.3317807862281614,horizon_interior_static_caution
9.4,4.0,2,1.3607325424505128,horizon_interior_static_caution
9.6,4.0,2,1.3896842986728641,horizon_interior_static_caution
9.8,4.0,2,1.4186360548952155,horizon_interior_static_caution
10.0,4.0,2,1.4475878111175668,horizon_interior_static_caution
10.2,4.0,2,1.4765395673399182,horizon_interior_static_caution
10.4,4.0,2,1.5054913235622696,horizon_interior_static_caution
10.6,4.0,2,1.5344430797846207,horizon_interior_static_caution
10.8,4.0,2,1.5633948360069723,horizon_interior_static_caution
11.0,4.0,2,1.5923465922293234,horizon_interior_static_caution
11.2,4.0,2,1.6212983484516748,horizon_interior_static_caution
11.4,4.0,2,1.6502501046740263,horizon_interior_static_caution
11.6,4.0,2,1.6792018608963775,horizon_interior_static_caution
11.8,4.0,2,1.708153617118729,horizon_interior_static_caution
12.0,4.0,2,1.7371053733410802,horizon_interior_static_caution
12.2,4.0,2,1.7660571295634313,horizon_interior_static_caution
12.4,4.0,2,1.7950088857857829,horizon_interior_static_caution
12.6,4.0,2,1.823960642008134,horizon_interior_static_caution
12.8,4.0,2,1.8529123982304856,horizon_interior_static_caution
13.0,4.0,2,1.881864154452837,horizon_interior_static_caution
13.2,4.0,2,1.910815910675188,horizon_interior_static_caution
13.4,4.0,2,1.9397676668975397,horizon_interior_static_caution
13.6,4.0,2,1.9687194231198908,horizon_interior_static_caution
13.8,4.0,2,1.9976711793422421,horizon_interior_static_caution
14.0,4.0,2,2.0266229355645935,horizon_interior_static_caution
14.2,4.0,2,2.055574691786945,horizon_interior_static_caution
14.4,4.0,2,2.084526448009296,horizon_interior_static_caution
14.6,4.0,2,2.1134782042316473,horizon_interior_static_caution
14.8,4.0,2,2.142429960453999,horizon_interior_static_caution
15.0,4.0,2,2.17138171667635,horizon_interior_static_caution
15.2,4.0,2,2.200333472898701,horizon_interior_static_caution
15.4,4.0,2,2.229285229121053,horizon_interior_static_caution
15.6,4.0,2,2.2582369853434043,horizon_interior_static_caution
15.8,4.0,2,2.2871887415657555,horizon_interior_static_caution
16.0,4.0,2,2.316140497788107,horizon_interior_static_caution
16.2,4.0,2,2.345092254010458,horizon_interior_static_caution
16.4,4.0,2,2.3740440102328093,horizon_interior_static_caution
16.6,4.0,2,2.4029957664551613,horizon_interior_static_caution
16.8,4.0,2,2.4319475226775125,horizon_interior_static_caution
17.0,4.0,2,2.4608992788998636,horizon_interior_static_caution
17.2,4.0,2,2.489851035122215,horizon_interior_static_caution
17.4,4.0,2,2.518802791344566,horizon_interior_static_caution
17.6,4.0,2,2.547754547566918,horizon_interior_static_caution
17.8,4.0,2,2.576706303789269,horizon_interior_static_caution
18.0,4.0,2,2.60565806001162,horizon_interior_static_caution
18.2,4.0,2,2.6346098162339713,horizon_interior_static_caution
18.4,4.0,2,2.663561572456323,horizon_interior_static_caution
18.6,4.0,2,2.6925133286786744,horizon_interior_static_caution
18.8,4.0,2,2.7214650849010256,horizon_interior_static_caution
19.0,4.0,2,2.750416841123377,horizon_interior_static_caution
19.2,4.0,2,2.7793685973457283,horizon_interior_static_caution
19.400000000000002,4.0,2,2.80832035356808,horizon_interior_static_caution
19.6,4.0,2,2.837272109790431,horizon_interior_static_caution
19.8,4.0,2,2.8662238660127826,horizon_interior_static_caution
20.0,4.0,2,2.8951756222351337,horizon_interior_static_caution
20.2,4.0,2,2.924127378457485,horizon_interior_static_caution
20.400000000000002,4.0,2,2.953079134679837,horizon_interior_static_caution
20.6,4.0,2,2.982030890902188,horizon_interior_static_caution
20.8,4.0,2,3.010982647124539,horizon_interior_static_caution
21.0,4.0,2,3.0399344033468902,horizon_interior_static_caution
21.2,4.0,2,3.0688861595692414,horizon_interior_static_caution
21.400000000000002,4.0,2,3.097837915791593,horizon_interior_static_caution
21.6,4.0,2,3.1267896720139445,horizon_interior_static_caution
21.8,4.0,2,3.1557414282362957,horizon_interior_static_caution
22.0,4.0,2,3.184693184458647,horizon_interior_static_caution
22.2,4.0,2,3.2136449406809984,horizon_interior_static_caution
22.400000000000002,4.0,2,3.24259669690335,horizon_interior_static_caution
22.6,4.0,2,3.271548453125701,horizon_interior_static_caution
22.8,4.0,2,3.3005002093480527,horizon_interior_static_caution
23.0,4.0,2,3.329451965570404,horizon_interior_static_caution
23.2,4.0,2,3.358403721792755,horizon_interior_static_caution
23.400000000000002,4.0,2,3.387355478015107,horizon_interior_static_caution
23.6,4.0,2,3.416307234237458,horizon_interior_static_caution
23.8,4.0,2,3.445258990459809,horizon_interior_static_caution
24.0,4.0,2,3.4742107466821603,horizon_interior_static_caution
0.2,5.0,2,0.026584789110422113,subcompact
0.4,5.0,2,0.05316957822084423,subcompact
0.6000000000000001,5.0,2,0.07975436733126635,subcompact
0.8,5.0,2,0.10633915644168845,subcompact
1.0,5.0,2,0.13292394555211057,subcompact
1.2,5.0,2,0.1595087346625327,subcompact
1.4000000000000001,5.0,2,0.18609352377295482,subcompact
1.6,5.0,2,0.2126783128833769,subcompact
1.8,5.0,2,0.23926310199379905,subcompact
2.0,5.0,2,0.26584789110422113,subcompact
2.2,5.0,2,0.2924326802146433,subcompact
2.4000000000000004,5.0,2,0.3190174693250654,subcompact
2.6000000000000005,5.0,2,0.3456022584354876,subcompact
2.8000000000000003,5.0,2,0.37218704754590964,subcompact
3.0000000000000004,5.0,2,0.39877183665633176,subcompact
3.2,5.0,2,0.4253566257667538,subcompact
3.4000000000000004,5.0,2,0.451941414877176,subcompact
3.6000000000000005,5.0,2,0.4785262039875981,subcompact
3.8000000000000003,5.0,2,0.5051109930980202,subcompact
4.0,5.0,2,0.5316957822084423,subcompact
4.2,5.0,2,0.5582805713188644,subcompact
4.4,5.0,2,0.5848653604292866,subcompact
4.6000000000000005,5.0,2,0.6114501495397088,subcompact
4.800000000000001,5.0,2,0.6380349386501308,subcompact
5.000000000000001,5.0,2,0.664619727760553,subcompact
5.2,5.0,2,0.691204516870975,subcompact
5.4,5.0,2,0.7177893059813971,subcompact
5.6000000000000005,5.0,2,0.7443740950918193,subcompact
5.800000000000001,5.0,2,0.7709588842022415,subcompact
6.000000000000001,5.0,2,0.7975436733126635,subcompact
6.2,5.0,2,0.8241284624230856,compact_below_horizon
6.4,5.0,2,0.8507132515335076,compact_below_horizon
6.6000000000000005,5.0,2,0.8772980406439298,compact_below_horizon
6.800000000000001,5.0,2,0.903882829754352,compact_below_horizon
7.000000000000001,5.0,2,0.9304676188647741,compact_below_horizon
7.2,5.0,2,0.9570524079751962,compact_below_horizon
7.4,5.0,2,0.9836371970856184,horizon_near_ECO_branch
7.6000000000000005,5.0,2,1.0102219861960404,horizon_interior_static_caution
7.800000000000001,5.0,2,1.0368067753064627,horizon_interior_static_caution
8.0,5.0,2,1.0633915644168845,horizon_interior_static_caution
8.2,5.0,2,1.0899763535273066,horizon_interior_static_caution
8.4,5.0,2,1.1165611426377289,horizon_interior_static_caution
8.6,5.0,2,1.143145931748151,horizon_interior_static_caution
8.799999999999999,5.0,2,1.169730720858573,horizon_interior_static_caution
9.0,5.0,2,1.196315509968995,horizon_interior_static_caution
9.2,5.0,2,1.2229002990794173,horizon_interior_static_caution
9.4,5.0,2,1.2494850881898394,horizon_interior_static_caution
9.6,5.0,2,1.2760698773002617,horizon_interior_static_caution
9.8,5.0,2,1.3026546664106837,horizon_interior_static_caution
10.0,5.0,2,1.3292394555211058,horizon_interior_static_caution
10.2,5.0,2,1.3558242446315278,horizon_interior_static_caution
10.4,5.0,2,1.38240903374195,horizon_interior_static_caution
10.6,5.0,2,1.4089938228523722,horizon_interior_static_caution
10.8,5.0,2,1.4355786119627942,horizon_interior_static_caution
11.0,5.0,2,1.4621634010732163,horizon_interior_static_caution
11.2,5.0,2,1.4887481901836384,horizon_interior_static_caution
11.4,5.0,2,1.5153329792940606,horizon_interior_static_caution
11.6,5.0,2,1.5419177684044827,horizon_interior_static_caution
11.8,5.0,2,1.568502557514905,horizon_interior_static_caution
12.0,5.0,2,1.595087346625327,horizon_interior_static_caution
12.2,5.0,2,1.621672135735749,horizon_interior_static_caution
12.4,5.0,2,1.6482569248461711,horizon_interior_static_caution
12.6,5.0,2,1.6748417139565934,horizon_interior_static_caution
12.8,5.0,2,1.7014265030670153,horizon_interior_static_caution
13.0,5.0,2,1.7280112921774375,horizon_interior_static_caution
13.2,5.0,2,1.7545960812878596,horizon_interior_static_caution
13.4,5.0,2,1.7811808703982819,horizon_interior_static_caution
13.6,5.0,2,1.807765659508704,horizon_interior_static_caution
13.8,5.0,2,1.8343504486191262,horizon_interior_static_caution
14.0,5.0,2,1.8609352377295483,horizon_interior_static_caution
14.2,5.0,2,1.88752002683997,horizon_interior_static_caution
14.4,5.0,2,1.9141048159503924,horizon_interior_static_caution
14.6,5.0,2,1.9406896050608144,horizon_interior_static_caution
14.8,5.0,2,1.9672743941712367,horizon_interior_static_caution
15.0,5.0,2,1.9938591832816588,horizon_interior_static_caution
15.2,5.0,2,2.020443972392081,horizon_interior_static_caution
15.4,5.0,2,2.047028761502503,horizon_interior_static_caution
15.6,5.0,2,2.073613550612925,horizon_interior_static_caution
15.8,5.0,2,2.1001983397233475,horizon_interior_static_caution
16.0,5.0,2,2.126783128833769,horizon_interior_static_caution
16.2,5.0,2,2.153367917944191,horizon_interior_static_caution
16.4,5.0,2,2.179952707054613,horizon_interior_static_caution
16.6,5.0,2,2.2065374961650357,horizon_interior_static_caution
16.8,5.0,2,2.2331222852754578,horizon_interior_static_caution
17.0,5.0,2,2.25970707438588,horizon_interior_static_caution
17.2,5.0,2,2.286291863496302,horizon_interior_static_caution
17.4,5.0,2,2.312876652606724,horizon_interior_static_caution
17.6,5.0,2,2.3394614417171464,horizon_interior_static_caution
17.8,5.0,2,2.3660462308275685,horizon_interior_static_caution
18.0,5.0,2,2.39263101993799,horizon_interior_static_caution
18.2,5.0,2,2.419215809048412,horizon_interior_static_caution
18.4,5.0,2,2.4458005981588347,horizon_interior_static_caution
18.6,5.0,2,2.4723853872692567,horizon_interior_static_caution
18.8,5.0,2,2.4989701763796788,horizon_interior_static_caution
19.0,5.0,2,2.525554965490101,horizon_interior_static_caution
19.2,5.0,2,2.5521397546005233,horizon_interior_static_caution
19.400000000000002,5.0,2,2.5787245437109454,horizon_interior_static_caution
19.6,5.0,2,2.6053093328213675,horizon_interior_static_caution
19.8,5.0,2,2.6318941219317895,horizon_interior_static_caution
20.0,5.0,2,2.6584789110422116,horizon_interior_static_caution
20.2,5.0,2,2.6850637001526336,horizon_interior_static_caution
20.400000000000002,5.0,2,2.711648489263056,horizon_interior_static_caution
20.6,5.0,2,2.738233278373478,horizon_interior_static_caution
20.8,5.0,2,2.7648180674839,horizon_interior_static_caution
21.0,5.0,2,2.7914028565943223,horizon_interior_static_caution
21.2,5.0,2,2.8179876457047444,horizon_interior_static_caution
21.400000000000002,5.0,2,2.8445724348151664,horizon_interior_static_caution
21.6,5.0,2,2.8711572239255885,horizon_interior_static_caution
21.8,5.0,2,2.897742013036011,horizon_interior_static_caution
22.0,5.0,2,2.9243268021464326,horizon_interior_static_caution
22.2,5.0,2,2.9509115912568546,horizon_interior_static_caution
22.400000000000002,5.0,2,2.977496380367277,horizon_interior_static_caution
22.6,5.0,2,3.004081169477699,horizon_interior_static_caution
22.8,5.0,2,3.0306659585881213,horizon_interior_static_caution
23.0,5.0,2,3.0572507476985433,horizon_interior_static_caution
23.2,5.0,2,3.0838355368089654,horizon_interior_static_caution
23.400000000000002,5.0,2,3.110420325919388,horizon_interior_static_caution
23.6,5.0,2,3.13700511502981,horizon_interior_static_caution
23.8,5.0,2,3.163589904140232,horizon_interior_static_caution
24.0,5.0,2,3.190174693250654,horizon_interior_static_caution
0.2,3.0,4,0.02215052832737484,subcompact
0.4,3.0,4,0.04430105665474968,subcompact
0.6000000000000001,3.0,4,0.06645158498212453,subcompact
0.8,3.0,4,0.08860211330949937,subcompact
1.0,3.0,4,0.1107526416368742,subcompact
1.2,3.0,4,0.13290316996424906,subcompact
1.4000000000000001,3.0,4,0.1550536982916239,subcompact
1.6,3.0,4,0.17720422661899873,subcompact
1.8,3.0,4,0.19935475494637359,subcompact
2.0,3.0,4,0.2215052832737484,subcompact
2.2,3.0,4,0.2436558116011233,subcompact
2.4000000000000004,3.0,4,0.2658063399284981,subcompact
2.6000000000000005,3.0,4,0.287956868255873,subcompact
2.8000000000000003,3.0,4,0.3101073965832478,subcompact
3.0000000000000004,3.0,4,0.33225792491062267,subcompact
3.2,3.0,4,0.35440845323799747,subcompact
3.4000000000000004,3.0,4,0.3765589815653724,subcompact
3.6000000000000005,3.0,4,0.39870950989274717,subcompact
3.8000000000000003,3.0,4,0.420860038220122,subcompact
4.0,3.0,4,0.4430105665474968,subcompact
4.2,3.0,4,0.46516109487487173,subcompact
4.4,3.0,4,0.4873116232022466,subcompact
4.6000000000000005,3.0,4,0.5094621515296215,subcompact
4.800000000000001,3.0,4,0.5316126798569962,subcompact
5.000000000000001,3.0,4,0.5537632081843712,subcompact
5.2,3.0,4,0.5759137365117459,subcompact
5.4,3.0,4,0.5980642648391208,subcompact
5.6000000000000005,3.0,4,0.6202147931664956,subcompact
5.800000000000001,3.0,4,0.6423653214938705,subcompact
6.000000000000001,3.0,4,0.6645158498212453,subcompact
6.2,3.0,4,0.6866663781486202,subcompact
6.4,3.0,4,0.7088169064759949,subcompact
6.6000000000000005,3.0,4,0.7309674348033699,subcompact
6.800000000000001,3.0,4,0.7531179631307447,subcompact
7.000000000000001,3.0,4,0.7752684914581196,subcompact
7.2,3.0,4,0.7974190197854943,subcompact
7.4,3.0,4,0.8195695481128691,compact_below_horizon
7.6000000000000005,3.0,4,0.841720076440244,compact_below_horizon
7.800000000000001,3.0,4,0.8638706047676189,compact_below_horizon
8.0,3.0,4,0.8860211330949936,compact_below_horizon
8.2,3.0,4,0.9081716614223684,compact_below_horizon
8.4,3.0,4,0.9303221897497435,compact_below_horizon
8.6,3.0,4,0.9524727180771182,compact_below_horizon
8.799999999999999,3.0,4,0.9746232464044929,compact_below_horizon
9.0,3.0,4,0.9967737747318679,horizon_near_ECO_branch
9.2,3.0,4,1.0189243030592425,horizon_interior_static_caution
9.4,3.0,4,1.0410748313866176,horizon_interior_static_caution
9.6,3.0,4,1.0632253597139925,horizon_interior_static_caution
9.8,3.0,4,1.0853758880413673,horizon_interior_static_caution
10.0,3.0,4,1.1075264163687422,horizon_interior_static_caution
10.2,3.0,4,1.1296769446961168,horizon_interior_static_caution
10.4,3.0,4,1.1518274730234919,horizon_interior_static_caution
10.6,3.0,4,1.1739780013508667,horizon_interior_static_caution
10.8,3.0,4,1.1961285296782416,horizon_interior_static_caution
11.0,3.0,4,1.2182790580056162,horizon_interior_static_caution
11.2,3.0,4,1.240429586332991,horizon_interior_static_caution
11.4,3.0,4,1.2625801146603661,horizon_interior_static_caution
11.6,3.0,4,1.2847306429877408,horizon_interior_static_caution
11.8,3.0,4,1.3068811713151156,horizon_interior_static_caution
12.0,3.0,4,1.3290316996424907,horizon_interior_static_caution
12.2,3.0,4,1.3511822279698653,horizon_interior_static_caution
12.4,3.0,4,1.3733327562972404,horizon_interior_static_caution
12.6,3.0,4,1.3954832846246152,horizon_interior_static_caution
12.8,3.0,4,1.4176338129519899,horizon_interior_static_caution
13.0,3.0,4,1.4397843412793647,horizon_interior_static_caution
13.2,3.0,4,1.4619348696067394,horizon_interior_static_caution
13.4,3.0,4,1.4840853979341144,horizon_interior_static_caution
13.6,3.0,4,1.5062359262614893,horizon_interior_static_caution
13.8,3.0,4,1.5283864545888641,horizon_interior_static_caution
14.0,3.0,4,1.550536982916239,horizon_interior_static_caution
14.2,3.0,4,1.5726875112436138,horizon_interior_static_caution
14.4,3.0,4,1.5948380395709887,horizon_interior_static_caution
14.6,3.0,4,1.6169885678983635,horizon_interior_static_caution
14.8,3.0,4,1.6391390962257382,horizon_interior_static_caution
15.0,3.0,4,1.661289624553113,horizon_interior_static_caution
15.2,3.0,4,1.6834401528804879,horizon_interior_static_caution
15.4,3.0,4,1.7055906812078627,horizon_interior_static_caution
15.6,3.0,4,1.7277412095352376,horizon_interior_static_caution
15.8,3.0,4,1.7498917378626127,horizon_interior_static_caution
16.0,3.0,4,1.7720422661899873,horizon_interior_static_caution
16.2,3.0,4,1.7941927945173621,horizon_interior_static_caution
16.4,3.0,4,1.8163433228447368,horizon_interior_static_caution
16.6,3.0,4,1.8384938511721118,horizon_interior_static_caution
16.8,3.0,4,1.860644379499487,horizon_interior_static_caution
17.0,3.0,4,1.8827949078268618,horizon_interior_static_caution
17.2,3.0,4,1.9049454361542364,horizon_interior_static_caution
17.4,3.0,4,1.9270959644816112,horizon_interior_static_caution
17.6,3.0,4,1.9492464928089863,horizon_interior_static_caution
17.8,3.0,4,1.971397021136361,horizon_interior_static_caution
18.0,3.0,4,1.9935475494637358,horizon_interior_static_caution
18.2,3.0,4,2.0156980777911104,horizon_interior_static_caution
18.4,3.0,4,2.037848606118485,horizon_interior_static_caution
18.6,3.0,4,2.0599991344458606,horizon_interior_static_caution
18.8,3.0,4,2.082149662773235,horizon_interior_static_caution
19.0,3.0,4,2.1043001911006103,horizon_interior_static_caution
19.2,3.0,4,2.126450719427985,horizon_interior_static_caution
19.400000000000002,3.0,4,2.14860124775536,horizon_interior_static_caution
19.6,3.0,4,2.1707517760827346,horizon_interior_static_caution
19.8,3.0,4,2.1929023044101092,horizon_interior_static_caution
20.0,3.0,4,2.2150528327374843,horizon_interior_static_caution
20.2,3.0,4,2.237203361064859,horizon_interior_static_caution
20.400000000000002,3.0,4,2.259353889392234,horizon_interior_static_caution
20.6,3.0,4,2.281504417719609,horizon_interior_static_caution
20.8,3.0,4,2.3036549460469837,horizon_interior_static_caution
21.0,3.0,4,2.3258054743743584,horizon_interior_static_caution
21.2,3.0,4,2.3479560027017334,horizon_interior_static_caution
21.400000000000002,3.0,4,2.370106531029108,horizon_interior_static_caution
21.6,3.0,4,2.392257059356483,horizon_interior_static_caution
21.8,3.0,4,2.4144075876838578,horizon_interior_static_caution
22.0,3.0,4,2.4365581160112324,horizon_interior_static_caution
22.2,3.0,4,2.4587086443386075,horizon_interior_static_caution
22.400000000000002,3.0,4,2.4808591726659825,horizon_interior_static_caution
22.6,3.0,4,2.503009700993357,horizon_interior_static_caution
22.8,3.0,4,2.5251602293207323,horizon_interior_static_caution
23.0,3.0,4,2.547310757648107,horizon_interior_static_caution
23.2,3.0,4,2.5694612859754815,horizon_interior_static_caution
23.400000000000002,3.0,4,2.5916118143028566,horizon_interior_static_caution
23.6,3.0,4,2.613762342630231,horizon_interior_static_caution
23.8,3.0,4,2.6359128709576063,horizon_interior_static_caution
24.0,3.0,4,2.6580633992849814,horizon_interior_static_caution
0.2,4.0,4,0.022765723776759554,subcompact
0.4,4.0,4,0.04553144755351911,subcompact
0.6000000000000001,4.0,4,0.06829717133027866,subcompact
0.8,4.0,4,0.09106289510703822,subcompact
1.0,4.0,4,0.11382861888379776,subcompact
1.2,4.0,4,0.13659434266055728,subcompact
1.4000000000000001,4.0,4,0.15936006643731687,subcompact
1.6,4.0,4,0.18212579021407643,subcompact
1.8,4.0,4,0.20489151399083597,subcompact
2.0,4.0,4,0.22765723776759553,subcompact
2.2,4.0,4,0.2504229615443551,subcompact
2.4000000000000004,4.0,4,0.2731886853211146,subcompact
2.6000000000000005,4.0,4,0.29595440909787424,subcompact
2.8000000000000003,4.0,4,0.31872013287463374,subcompact
3.0000000000000004,4.0,4,0.34148585665139336,subcompact
3.2,4.0,4,0.36425158042815287,subcompact
3.4000000000000004,4.0,4,0.3870173042049124,subcompact
3.6000000000000005,4.0,4,0.409783027981672,subcompact
3.8000000000000003,4.0,4,0.4325487517584315,subcompact
4.0,4.0,4,0.45531447553519105,subcompact
4.2,4.0,4,0.4780801993119506,subcompact
4.4,4.0,4,0.5008459230887102,subcompact
4.6000000000000005,4.0,4,0.5236116468654698,subcompact
4.800000000000001,4.0,4,0.5463773706422292,subcompact
5.000000000000001,4.0,4,0.5691430944189889,subcompact
5.2,4.0,4,0.5919088181957484,subcompact
5.4,4.0,4,0.614674541972508,subcompact
5.6000000000000005,4.0,4,0.6374402657492675,subcompact
5.800000000000001,4.0,4,0.660205989526027,subcompact
6.000000000000001,4.0,4,0.6829717133027867,subcompact
6.2,4.0,4,0.7057374370795461,subcompact
6.4,4.0,4,0.7285031608563057,subcompact
6.6000000000000005,4.0,4,0.7512688846330653,subcompact
6.800000000000001,4.0,4,0.7740346084098249,subcompact
7.000000000000001,4.0,4,0.7968003321865844,subcompact
7.2,4.0,4,0.8195660559633439,compact_below_horizon
7.4,4.0,4,0.8423317797401035,compact_below_horizon
7.6000000000000005,4.0,4,0.865097503516863,compact_below_horizon
7.800000000000001,4.0,4,0.8878632272936225,compact_below_horizon
8.0,4.0,4,0.9106289510703821,compact_below_horizon
8.2,4.0,4,0.9333946748471416,compact_below_horizon
8.4,4.0,4,0.9561603986239012,compact_below_horizon
8.6,4.0,4,0.9789261224006607,compact_below_horizon
8.799999999999999,4.0,4,1.0016918461774202,horizon_interior_static_caution
9.0,4.0,4,1.0244575699541798,horizon_interior_static_caution
9.2,4.0,4,1.0472232937309394,horizon_interior_static_caution
9.4,4.0,4,1.0699890175076991,horizon_interior_static_caution
9.6,4.0,4,1.0927547412844583,horizon_interior_static_caution
9.8,4.0,4,1.115520465061218,horizon_interior_static_caution
10.0,4.0,4,1.1382861888379776,horizon_interior_static_caution
10.2,4.0,4,1.1610519126147372,horizon_interior_static_caution
10.4,4.0,4,1.1838176363914967,horizon_interior_static_caution
10.6,4.0,4,1.2065833601682563,horizon_interior_static_caution
10.8,4.0,4,1.229349083945016,horizon_interior_static_caution
11.0,4.0,4,1.2521148077217752,horizon_interior_static_caution
11.2,4.0,4,1.2748805314985348,horizon_interior_static_caution
11.4,4.0,4,1.2976462552752945,horizon_interior_static_caution
11.6,4.0,4,1.3204119790520539,horizon_interior_static_caution
11.8,4.0,4,1.3431777028288137,horizon_interior_static_caution
12.0,4.0,4,1.3659434266055732,horizon_interior_static_caution
12.2,4.0,4,1.3887091503823328,horizon_interior_static_caution
12.4,4.0,4,1.4114748741590921,horizon_interior_static_caution
12.6,4.0,4,1.4342405979358517,horizon_interior_static_caution
12.8,4.0,4,1.4570063217126115,horizon_interior_static_caution
13.0,4.0,4,1.4797720454893708,horizon_interior_static_caution
13.2,4.0,4,1.5025377692661304,horizon_interior_static_caution
13.4,4.0,4,1.5253034930428901,horizon_interior_static_caution
13.6,4.0,4,1.5480692168196495,horizon_interior_static_caution
13.8,4.0,4,1.570834940596409,horizon_interior_static_caution
14.0,4.0,4,1.5936006643731686,horizon_interior_static_caution
14.2,4.0,4,1.6163663881499282,horizon_interior_static_caution
14.4,4.0,4,1.6391321119266877,horizon_interior_static_caution
14.6,4.0,4,1.6618978357034473,horizon_interior_static_caution
14.8,4.0,4,1.684663559480207,horizon_interior_static_caution
15.0,4.0,4,1.7074292832569664,horizon_interior_static_caution
15.2,4.0,4,1.730195007033726,horizon_interior_static_caution
15.4,4.0,4,1.7529607308104855,horizon_interior_static_caution
15.6,4.0,4,1.7757264545872449,horizon_interior_static_caution
15.8,4.0,4,1.7984921783640047,horizon_interior_static_caution
16.0,4.0,4,1.8212579021407642,horizon_interior_static_caution
16.2,4.0,4,1.8440236259175238,horizon_interior_static_caution
16.4,4.0,4,1.8667893496942831,horizon_interior_static_caution
16.6,4.0,4,1.8895550734710431,horizon_interior_static_caution
16.8,4.0,4,1.9123207972478025,horizon_interior_static_caution
17.0,4.0,4,1.9350865210245618,horizon_interior_static_caution
17.2,4.0,4,1.9578522448013214,horizon_interior_static_caution
17.4,4.0,4,1.980617968578081,horizon_interior_static_caution
17.6,4.0,4,2.003383692354841,horizon_interior_static_caution
17.8,4.0,4,2.0261494161316,horizon_interior_static_caution
18.0,4.0,4,2.0489151399083596,horizon_interior_static_caution
18.2,4.0,4,2.071680863685119,horizon_interior_static_caution
18.4,4.0,4,2.0944465874618787,horizon_interior_static_caution
18.6,4.0,4,2.1172123112386383,horizon_interior_static_caution
18.8,4.0,4,2.1399780350153983,horizon_interior_static_caution
19.0,4.0,4,2.1627437587921574,horizon_interior_static_caution
19.2,4.0,4,2.1855094825689165,horizon_interior_static_caution
19.400000000000002,4.0,4,2.208275206345677,horizon_interior_static_caution
19.6,4.0,4,2.231040930122436,horizon_interior_static_caution
19.8,4.0,4,2.253806653899196,horizon_interior_static_caution
20.0,4.0,4,2.276572377675955,horizon_interior_static_caution
20.2,4.0,4,2.2993381014527148,horizon_interior_static_caution
20.400000000000002,4.0,4,2.322103825229475,horizon_interior_static_caution
20.6,4.0,4,2.344869549006234,horizon_interior_static_caution
20.8,4.0,4,2.3676352727829935,horizon_interior_static_caution
21.0,4.0,4,2.390400996559753,horizon_interior_static_caution
21.2,4.0,4,2.4131667203365126,horizon_interior_static_caution
21.400000000000002,4.0,4,2.435932444113272,horizon_interior_static_caution
21.6,4.0,4,2.458698167890032,horizon_interior_static_caution
21.8,4.0,4,2.4814638916667913,horizon_interior_static_caution
22.0,4.0,4,2.5042296154435504,horizon_interior_static_caution
22.2,4.0,4,2.5269953392203104,horizon_interior_static_caution
22.400000000000002,4.0,4,2.54976106299707,horizon_interior_static_caution
22.6,4.0,4,2.5725267867738295,horizon_interior_static_caution
22.8,4.0,4,2.595292510550589,horizon_interior_static_caution
23.0,4.0,4,2.6180582343273486,horizon_interior_static_caution
23.2,4.0,4,2.6408239581041077,horizon_interior_static_caution
23.400000000000002,4.0,4,2.6635896818808678,horizon_interior_static_caution
23.6,4.0,4,2.6863554056576273,horizon_interior_static_caution
23.8,4.0,4,2.709121129434387,horizon_interior_static_caution
24.0,4.0,4,2.7318868532111464,horizon_interior_static_caution
0.2,5.0,4,0.021951118757614956,subcompact
0.4,5.0,4,0.04390223751522991,subcompact
0.6000000000000001,5.0,4,0.06585335627284487,subcompact
0.8,5.0,4,0.08780447503045982,subcompact
1.0,5.0,4,0.10975559378807477,subcompact
1.2,5.0,4,0.13170671254568972,subcompact
1.4000000000000001,5.0,4,0.1536578313033047,subcompact
1.6,5.0,4,0.17560895006091964,subcompact
1.8,5.0,4,0.19756006881853458,subcompact
2.0,5.0,4,0.21951118757614954,subcompact
2.2,5.0,4,0.24146230633376453,subcompact
2.4000000000000004,5.0,4,0.2634134250913795,subcompact
2.6000000000000005,5.0,4,0.28536454384899446,subcompact
2.8000000000000003,5.0,4,0.3073156626066094,subcompact
3.0000000000000004,5.0,4,0.3292667813642244,subcompact
3.2,5.0,4,0.3512179001218393,subcompact
3.4000000000000004,5.0,4,0.37316901887945425,subcompact
3.6000000000000005,5.0,4,0.3951201376370692,subcompact
3.8000000000000003,5.0,4,0.4170712563946842,subcompact
4.0,5.0,4,0.4390223751522991,subcompact
4.2,5.0,4,0.46097349390991404,subcompact
4.4,5.0,4,0.48292461266752906,subcompact
4.6000000000000005,5.0,4,0.504875731425144,subcompact
4.800000000000001,5.0,4,0.526826850182759,subcompact
5.000000000000001,5.0,4,0.5487779689403739,subcompact
5.2,5.0,4,0.5707290876979889,subcompact
5.4,5.0,4,0.5926802064556038,subcompact
5.6000000000000005,5.0,4,0.6146313252132188,subcompact
5.800000000000001,5.0,4,0.6365824439708337,subcompact
6.000000000000001,5.0,4,0.6585335627284488,subcompact
6.2,5.0,4,0.6804846814860636,subcompact
6.4,5.0,4,0.7024358002436786,subcompact
6.6000000000000005,5.0,4,0.7243869190012936,subcompact
6.800000000000001,5.0,4,0.7463380377589085,subcompact
7.000000000000001,5.0,4,0.7682891565165235,subcompact
7.2,5.0,4,0.7902402752741383,subcompact
7.4,5.0,4,0.8121913940317533,compact_below_horizon
7.6000000000000005,5.0,4,0.8341425127893684,compact_below_horizon
7.800000000000001,5.0,4,0.8560936315469833,compact_below_horizon
8.0,5.0,4,0.8780447503045982,compact_below_horizon
8.2,5.0,4,0.8999958690622131,compact_below_horizon
8.4,5.0,4,0.9219469878198281,compact_below_horizon
8.6,5.0,4,0.943898106577443,compact_below_horizon
8.799999999999999,5.0,4,0.9658492253350579,compact_below_horizon
9.0,5.0,4,0.987800344092673,horizon_near_ECO_branch
9.2,5.0,4,1.0097514628502877,horizon_interior_static_caution
9.4,5.0,4,1.0317025816079028,horizon_interior_static_caution
9.6,5.0,4,1.0536537003655178,horizon_interior_static_caution
9.8,5.0,4,1.0756048191231329,horizon_interior_static_caution
10.0,5.0,4,1.0975559378807476,horizon_interior_static_caution
10.2,5.0,4,1.1195070566383627,horizon_interior_static_caution
10.4,5.0,4,1.1414581753959778,horizon_interior_static_caution
10.6,5.0,4,1.1634092941535925,horizon_interior_static_caution
10.8,5.0,4,1.1853604129112076,horizon_interior_static_caution
11.0,5.0,4,1.2073115316688225,horizon_interior_static_caution
11.2,5.0,4,1.2292626504264375,horizon_interior_static_caution
11.4,5.0,4,1.2512137691840524,horizon_interior_static_caution
11.6,5.0,4,1.2731648879416673,horizon_interior_static_caution
11.8,5.0,4,1.2951160066992824,horizon_interior_static_caution
12.0,5.0,4,1.3170671254568973,horizon_interior_static_caution
12.2,5.0,4,1.3390182442145122,horizon_interior_static_caution
12.4,5.0,4,1.3609693629721271,horizon_interior_static_caution
12.6,5.0,4,1.3829204817297422,horizon_interior_static_caution
12.8,5.0,4,1.4048716004873572,horizon_interior_static_caution
13.0,5.0,4,1.426822719244972,horizon_interior_static_caution
13.2,5.0,4,1.448773838002587,horizon_interior_static_caution
13.4,5.0,4,1.470724956760202,horizon_interior_static_caution
13.6,5.0,4,1.4926760755178168,horizon_interior_static_caution
13.8,5.0,4,1.514627194275432,horizon_interior_static_caution
14.0,5.0,4,1.5365783130330468,horizon_interior_static_caution
14.2,5.0,4,1.5585294317906615,horizon_interior_static_caution
14.4,5.0,4,1.5804805505482766,horizon_interior_static_caution
14.6,5.0,4,1.6024316693058918,horizon_interior_static_caution
14.8,5.0,4,1.6243827880635067,horizon_interior_static_caution
15.0,5.0,4,1.6463339068211216,horizon_interior_static_caution
15.2,5.0,4,1.6682850255787367,horizon_interior_static_caution
15.4,5.0,4,1.6902361443363514,horizon_interior_static_caution
15.6,5.0,4,1.7121872630939665,horizon_interior_static_caution
15.8,5.0,4,1.7341383818515816,horizon_interior_static_caution
16.0,5.0,4,1.7560895006091963,horizon_interior_static_caution
16.2,5.0,4,1.778040619366811,horizon_interior_static_caution
16.4,5.0,4,1.7999917381244261,horizon_interior_static_caution
16.6,5.0,4,1.8219428568820413,horizon_interior_static_caution
16.8,5.0,4,1.8438939756396562,horizon_interior_static_caution
17.0,5.0,4,1.865845094397271,horizon_interior_static_caution
17.2,5.0,4,1.887796213154886,horizon_interior_static_caution
17.4,5.0,4,1.9097473319125007,horizon_interior_static_caution
17.6,5.0,4,1.9316984506701163,horizon_interior_static_caution
17.8,5.0,4,1.953649569427731,horizon_interior_static_caution
18.0,5.0,4,1.975600688185346,horizon_interior_static_caution
18.2,5.0,4,1.9975518069429608,horizon_interior_static_caution
18.4,5.0,4,2.0195029257005754,horizon_interior_static_caution
18.6,5.0,4,2.041454044458191,horizon_interior_static_caution
18.8,5.0,4,2.0634051632158057,horizon_interior_static_caution
19.0,5.0,4,2.0853562819734206,horizon_interior_static_caution
19.2,5.0,4,2.1073074007310355,horizon_interior_static_caution
19.400000000000002,5.0,4,2.129258519488651,horizon_interior_static_caution
19.6,5.0,4,2.1512096382462658,horizon_interior_static_caution
19.8,5.0,4,2.1731607570038807,horizon_interior_static_caution
20.0,5.0,4,2.195111875761495,horizon_interior_static_caution
20.2,5.0,4,2.2170629945191105,horizon_interior_static_caution
20.400000000000002,5.0,4,2.2390141132767254,horizon_interior_static_caution
20.6,5.0,4,2.2609652320343403,horizon_interior_static_caution
20.8,5.0,4,2.2829163507919557,horizon_interior_static_caution
21.0,5.0,4,2.30486746954957,horizon_interior_static_caution
21.2,5.0,4,2.326818588307185,horizon_interior_static_caution
21.400000000000002,5.0,4,2.3487697070648004,horizon_interior_static_caution
21.6,5.0,4,2.3707208258224153,horizon_interior_static_caution
21.8,5.0,4,2.39267194458003,horizon_interior_static_caution
22.0,5.0,4,2.414623063337645,horizon_interior_static_caution
22.2,5.0,4,2.43657418209526,horizon_interior_static_caution
22.400000000000002,5.0,4,2.4585253008528754,horizon_interior_static_caution
22.6,5.0,4,2.48047641961049,horizon_interior_static_caution
22.8,5.0,4,2.5024275383681047,horizon_interior_static_caution
23.0,5.0,4,2.52437865712572,horizon_interior_static_caution
23.2,5.0,4,2.5463297758833345,horizon_interior_static_caution
23.400000000000002,5.0,4,2.56828089464095,horizon_interior_static_caution
23.6,5.0,4,2.590232013398565,horizon_interior_static_caution
23.8,5.0,4,2.6121831321561797,horizon_interior_static_caution
24.0,5.0,4,2.6341342509137946,horizon_interior_static_caution
